{"stats":{"minecraft:killed_by":{"born_in_chaos_v1:nightmare_stalker":1},"minecraft:killed":{"vampirism:vampire":2,"born_in_chaos_v1:zombie_lumberjack":1,"minecraft:spider":2,"born_in_chaos_v1:zombie_bruiser":1,"born_in_chaos_v1:maggot":7,"creeperoverhaul:bamboo_creeper":1,"minecraft:skeleton":1,"alexsmobs:leafcutter_ant":1,"minecraft:chicken":6,"gnumus:gnumus_hunter":2,"born_in_chaos_v1:skeleton_thrasher":1,"born_in_chaos_v1:corpse_fish":1,"minecraft:pig":5,"gnumus:gnumus_shaman":1,"born_in_chaos_v1:baby_skeleton":1,"born_in_chaos_v1:spirit_guide_assistant":2,"gnumus:big_snout":1,"minecraft:creeper":2,"born_in_chaos_v1:decrepit_skeleton":6,"minecraft:sheep":14,"alexsmobs:crocodile":1,"minecraft:zombie":6,"iceandfire:ghost":2,"born_in_chaos_v1:dread_hound":2,"born_in_chaos_v1:corpse_fly":2,"born_in_chaos_v1:dark_vortex":1,"born_in_chaos_v1:nightmare_stalker":1,"alexsmobs:crow":1,"born_in_chaos_v1:door_knight":1,"minecraft:player":1,"born_in_chaos_v1:siamese_skeletonsleft":1,"minecraft:cow":12},"minecraft:picked_up":{"minecraft:iron_chestplate":2,"minecraft:crafting_table":6,"minecraft:allium":1,"minecraft:chicken":6,"autumnity:maple_log":11,"minecraft:yellow_wool":1,"gnumus:gnumus_claw":6,"aether:iron_gloves":1,"minecraft:wooden_pickaxe":1,"minecraft:chain":1,"minecraft:shield":1,"iceandfire:manuscript":7,"minecraft:string":14,"minecraft:moss_carpet":1,"minecraft:raw_copper":2,"iceandfire:sea_serpent_scales_teal":4,"minecraft:iron_leggings":2,"minecraft:gold_nugget":706,"regions_unexplored:bamboo_sapling":2,"delightful:acorn":2,"minecraft:beef":26,"minecraft:light_gray_wool":4,"delightful:green_tea_leaf":1,"minecraft:chest":1,"crittersandcompanions:clam":1,"minecraft:iron_boots":1,"alexsmobs:leafcutter_ant_chamber":1,"minecraft:furnace":3,"minecraft:raw_iron":28,"minecraft:stick":2,"born_in_chaos_v1:shattered_skull":1,"ecologics:coconut_slice":12,"gnumus:juicy_meat":6,"minecraft:torch":1,"minecraft:porkchop":5,"born_in_chaos_v1:pieceofdarkmetal":10,"tombstone:grave_dust":6,"born_in_chaos_v1:nightmare_claw":1,"minecraft:carrot":4,"gnumus:grilled_juicy_meat":2,"minecraft:tnt":2,"minecraft:arrow":8,"iceandfire:cyclops_eye":1,"minecraft:rotten_flesh":28,"autumnity:orange_maple_sapling":4,"minecraft:carved_pumpkin":2,"alexsdelight:raw_bison":3,"gnumus:gnumus_chickpeas":2,"gnumus:gnumus_pouch_3":1,"minecraft:oxeye_daisy":1,"gnumus:mouse_skin":12,"minecraft:mutton":25,"iceandfire:silver_axe":1,"minecraft:bone_block":17,"minecraft:cod":6,"minecraft:skeleton_skull":1,"minecraft:white_wool":15,"minecraft:cobblestone":93,"born_in_chaos_v1:fused_bone":2,"regions_unexplored:peat_dirt":4,"born_in_chaos_v1:corpse_maggot":9,"gnumus:gnumus_doubloons":22,"autumnity:red_maple_sapling":3,"born_in_chaos_v1:monster_flesh":2,"minecraft:lilac":1,"minecraft:feather":2,"minecraft:cooked_beef":3,"iceandfire:sea_serpent_fang":8,"vampirism:item_tent":4,"gnumus:overripe_carrot":3,"minecraft:leather":10,"minecraft:tuff":12,"minecraft:oak_log":7,"minecraft:gunpowder":3,"minecraft:dirt":11,"minecraft:white_banner":1,"gnumus:gnumus_pouch_2":2,"born_in_chaos_v1:monster_skin":3,"born_in_chaos_v1:marigolds":5,"minecraft:cooked_mutton":1,"minecraft:bone":40,"gnumus:gnumus_horn":2,"delightful:mini_melon":6,"minecraft:wheat_seeds":11,"minecraft:raw_gold":1,"minecraft:rabbit_hide":2,"minecraft:iron_ingot":17,"minecraft:stone_pickaxe":1,"minecraft:cobweb":11,"minecraft:cooked_chicken":1,"minecraft:bamboo":51,"minecraft:rabbit":4,"minecraft:moss_block":1,"minecraft:oak_planks":6,"minecraft:sand":7,"minecraft:pumpkin":1,"vampirism:fire_place":5,"born_in_chaos_v1:ethereal_spirit":2,"born_in_chaos_v1:dark_rod":2,"minecraft:amethyst_shard":6,"minecraft:spruce_log":2,"minecraft:dark_oak_log":2,"minecraft:mossy_cobblestone":2,"biomesoplenty:flowering_oak_sapling":2,"minecraft:bundle":1,"regions_unexplored:cypress_log":10,"minecraft:pumpkin_seeds":4,"regions_unexplored:fireweed":3,"gnumus:vintage_parts":2,"minecraft:stone_axe":1,"gnumus:gnumus_clay":10,"iceandfire:silver_sword":1,"minecraft:iron_helmet":2,"minecraft:gray_wool":3,"minecraft:bread":1,"minecraft:oak_sapling":6,"minecraft:coal":88,"iceandfire:raw_silver":10},"minecraft:broken":{"minecraft:stone_sword":1,"minecraft:stone_pickaxe":1,"minecraft:stone_axe":1,"gnumus:gnumus_pickaxe":1},"minecraft:crafted":{"minecraft:oak_planks":12,"gnumus:grilled_juicy_meat":3,"regions_unexplored:cypress_planks":40,"minecraft:melon_slice":9,"minecraft:furnace":3,"minecraft:cooked_mutton":18,"alexsdelight:cooked_bison":3,"minecraft:iron_boots":1,"born_in_chaos_v1:bone_handle":1,"minecraft:stone_pickaxe":1,"minecraft:chest":2,"sophisticatedbackpacks:iron_backpack":1,"minecraft:dark_oak_planks":8,"iceandfire:silver_axe":1,"minecraft:cooked_beef":24,"sophisticatedbackpacks:backpack":2,"iceandfire:silver_ingot":5,"minecraft:cooked_porkchop":5,"minecraft:crafting_table":2,"minecraft:wooden_pickaxe":1,"minecraft:iron_helmet":1,"sophisticatedbackpacks:gold_backpack":1,"minecraft:stone_axe":1,"minecraft:air":0,"gnumus:gnumus_pickaxe":1,"minecraft:iron_leggings":1,"minecraft:iron_chestplate":2,"minecraft:gold_nugget":9,"minecraft:shield":1,"minecraft:stick":16,"minecraft:iron_ingot":17,"minecraft:iron_pickaxe":1,"minecraft:stone_sword":1,"minecraft:gold_ingot":9,"minecraft:white_bed":2,"minecraft:torch":4,"iceandfire:silver_sword":1},"minecraft:mined":{"minecraft:tuff":6,"iceandfire:silver_ore":7,"biomesoplenty:desert_grass":1,"minecraft:carved_pumpkin":1,"biomesoplenty:bush":20,"minecraft:allium":1,"minecraft:grass_block":5,"alexsmobs:leafcutter_ant_chamber":1,"regions_unexplored:purple_coneflower":1,"autumnity:maple_log":6,"minecraft:furnace":3,"minecraft:iron_ore":28,"treechop:chopped_log":6,"minecraft:pumpkin":1,"vampirism:tent":1,"minecraft:vine":1,"iceandfire:gold_pile":90,"minecraft:iron_bars":1,"biomesoplenty:barley":2,"regions_unexplored:medium_grass":2,"gnumus:fragile_gnumus_jug":8,"minecraft:stone":86,"regions_unexplored:windswept_grass":1,"minecraft:white_wool":3,"valhelsia_structures:stone":2,"regions_unexplored:cypress_log":5,"vampirism:tent_main":3,"minecraft:crafting_table":6,"iceandfire:ghost_chest":1,"minecraft:chest":1,"minecraft:tall_grass":4,"minecraft:cobblestone":3,"minecraft:skeleton_skull":1,"minecraft:sand":9,"minecraft:lilac":1,"iceandfire:ash":1,"minecraft:tnt":2,"minecraft:white_wall_banner":1,"minecraft:grass":31,"regions_unexplored:oak_shrub":1,"minecraft:coal_ore":22,"minecraft:oak_log":5,"delightful:mini_melon":3,"vampirism:fire_place":4,"regions_unexplored:peat_dirt":4,"minecraft:dirt":7,"minecraft:cobweb":1,"minecraft:cracked_stone_bricks":1,"minecraft:stone_bricks":10,"minecraft:mossy_stone_bricks":1,"minecraft:oak_leaves":17,"minecraft:fern":2},"minecraft:dropped":{"minecraft:iron_ingot":2,"regions_unexplored:fireweed":3,"minecraft:wheat_seeds":8,"minecraft:cooked_beef":5,"iceandfire:silver_axe":1,"autumnity:orange_maple_sapling":4,"minecraft:iron_helmet":2,"minecraft:cobblestone":8,"delightful:green_tea_leaf":1,"born_in_chaos_v1:pieceofdarkmetal":6,"iceandfire:cyclops_eye":1,"born_in_chaos_v1:nightmare_claw":1,"minecraft:cod":3,"minecraft:oxeye_daisy":1,"minecraft:cobweb":11,"minecraft:dirt":3,"minecraft:gray_wool":1,"gnumus:gnumus_claw":4,"minecraft:torch":1,"born_in_chaos_v1:monster_skin":1,"alexsmobs:leafcutter_ant_chamber":1,"iceandfire:silver_sword":1,"minecraft:mutton":6,"biomesoplenty:flowering_oak_sapling":2,"tombstone:grave_dust":5,"minecraft:iron_leggings":2,"minecraft:chain":1,"minecraft:gold_nugget":720,"gnumus:grilled_juicy_meat":2,"minecraft:string":3,"minecraft:white_wool":7,"minecraft:gold_ingot":5,"minecraft:stone_axe":1,"vampirism:fire_place":1,"born_in_chaos_v1:ethereal_spirit":2,"minecraft:rotten_flesh":16,"minecraft:light_gray_wool":3,"minecraft:iron_boots":1,"minecraft:cooked_mutton":1,"minecraft:white_bed":1,"regions_unexplored:bamboo_sapling":2,"minecraft:pumpkin_seeds":4,"gnumus:gnumus_doubloons":1,"minecraft:iron_chestplate":3,"regions_unexplored:peat_dirt":2,"autumnity:red_maple_sapling":3,"minecraft:shield":1,"gnumus:gnumus_clay":5,"minecraft:gunpowder":3,"aether:iron_gloves":1,"born_in_chaos_v1:corpse_maggot":4,"minecraft:oak_sapling":5,"minecraft:carved_pumpkin":1,"minecraft:stone_pickaxe":1,"minecraft:wooden_pickaxe":1,"born_in_chaos_v1:marigolds":5,"born_in_chaos_v1:dark_rod":1},"minecraft:custom":{"minecraft:mob_kills":95,"minecraft:interact_with_crafting_table":34,"minecraft:open_barrel":5,"minecraft:interact_with_campfire":7,"minecraft:damage_dealt_resisted":569,"minecraft:leave_game":4,"minecraft:time_since_death":71,"minecraft:climb_one_cm":154,"minecraft:sprint_one_cm":223492,"minecraft:walk_one_cm":522330,"minecraft:damage_blocked_by_shield":330,"minecraft:drop":91,"minecraft:play_time":191140,"minecraft:sneak_time":3380,"minecraft:deaths":19,"minecraft:walk_under_water_one_cm":24099,"minecraft:jump":2851,"minecraft:walk_on_water_one_cm":32734,"minecraft:total_world_time":191140,"minecraft:interact_with_furnace":55,"minecraft:time_since_rest":1,"minecraft:damage_taken":10497,"minecraft:trigger_trapped_chest":1,"minecraft:damage_dealt":15641,"minecraft:swim_one_cm":17522,"minecraft:fly_one_cm":544211,"minecraft:open_chest":57,"minecraft:crouch_one_cm":9528,"tombstone:undead_killed":23,"minecraft:fall_one_cm":81373},"minecraft:used":{"minecraft:stone_sword":136,"iceandfire:silver_sword":196,"minecraft:chest":1,"minecraft:shield":8,"minecraft:cooked_chicken":1,"minecraft:torch":1,"minecraft:dirt":8,"minecraft:mutton":2,"minecraft:carrot":3,"born_in_chaos_v1:corpse_maggot":2,"vampirism:item_tent":4,"tombstone:gift":5,"minecraft:cooked_mutton":6,"minecraft:furnace":3,"minecraft:cooked_beef":21,"minecraft:pumpkin":1,"gnumus:grilled_juicy_meat":3,"vampirism:fire_place":3,"alexsdelight:cooked_bison":3,"minecraft:stone_pickaxe":102,"regions_unexplored:peat_dirt":2,"gnumus:overripe_carrot":2,"minecraft:wooden_pickaxe":22,"minecraft:white_wool":3,"minecraft:mossy_cobblestone":2,"minecraft:sand":6,"minecraft:crafting_table":7,"gnumus:gnumus_pickaxe":6,"iceandfire:silver_axe":39,"minecraft:shears":1,"delightful:mini_melon":3,"sophisticatedbackpacks:backpack":1,"born_in_chaos_v1:monster_flesh":2,"minecraft:chicken":6,"minecraft:iron_pickaxe":184,"gnumus:gnumus_chickpeas":2,"minecraft:bread":1,"minecraft:melon_slice":9,"minecraft:cobblestone":51,"ecologics:coconut_slice":8,"minecraft:stone_axe":89,"regions_unexplored:cypress_planks":7,"minecraft:yellow_wool":1,"minecraft:enchanted_book":1,"minecraft:white_banner":1,"alexsmobs:animal_dictionary":1,"minecraft:gray_wool":1}},"DataVersion":3465}